sweep,xi,d2,L,N,T,rm,sigma0_hi,a,s0bar,K1,K2,kappa,A,mass_int,mean_int,vmean_int,mmin,stationarity_u,stationarity_v,stationarity_w,stationarity_max,comparison_interval,solver_success,nfev,njev,nlu
phase,8.0,0.08,10.0,200,300.0,0.5,0.8,4.5,0.08,0.04467596016137665,0.09440684440126801,1.1187910721574157,0.19862709647271407,7.562659867900945,0.8402955408778827,0.1581111505126289,0.0,2.2788554488290377e-14,1.9264476844424743e-14,4.086487215317693e-14,4.086487215317693e-14,5.0847457627118615,True,1422,21,121
phase,8.0,0.08,10.0,200,300.0,0.5,1.0,4.5,0.1,0.05844954629882937,0.11729318542292866,0.9234131744442465,0.24065307748718875,7.405941156587986,0.8228823507319984,0.17537970373197426,0.0,3.1093999572978374e-15,4.947029735584162e-15,2.251961165891787e-15,4.947029735584162e-15,5.0847457627118615,True,1628,20,133
phase,8.0,0.08,10.0,200,300.0,0.5,1.2000000000000002,4.5,0.12000000000000002,0.07078420492930892,0.13608383360987353,0.7939190117826858,0.2799054046120383,7.2273983237475266,0.8030442581941696,0.19512315004273525,0.0,2.907174318155705e-15,4.680748843340555e-15,2.3263623230418825e-15,4.680748843340555e-15,5.0847457627118615,True,1745,24,143
phase,8.0,0.08,10.0,200,300.0,0.5,1.4000000000000001,4.5,0.14,0.08142517019242346,0.15097558103748243,0.706308428911747,0.31462490482325645,7.030194908986662,0.7811327676651846,0.2169803681213728,0.0,7.800492999554885e-15,9.705245084194752e-15,1.4764912638985854e-14,1.4764912638985854e-14,5.0847457627118615,True,1883,29,153
phase,8.0,0.08,10.0,200,300.0,0.5,1.6,4.5,0.16,0.09040026786569233,0.16212162848591172,0.6453056748342456,0.34436737640545717,6.817202673613813,0.757466963734868,0.24064792633162893,0.0,3.3758125321612706e-14,3.61931818921038e-14,5.007428887039782e-14,5.007428887039782e-14,5.0847457627118615,True,2110,24,162
phase,8.0,0.08,10.0,200,300.0,0.5,1.8,4.5,0.18,0.09785753834835931,0.17239448107290722,0.6016880816517092,0.3693312681417827,6.592052396612584,0.7324502662902871,0.26577282162673294,0.0,4.0990191527879465e-14,5.5418310780008264e-14,6.502237905627049e-14,6.502237905627049e-14,5.0847457627118615,True,2210,25,167
phase,8.0,0.08,10.0,200,300.0,0.5,2.0,4.5,0.2,0.10609557206767428,0.18140517580287896,0.5595778004271655,0.3971248002558075,6.361103422065517,0.7067892691183907,0.29176849415852796,0.0,2.250970610547829e-14,8.051245164145625e-14,1.0616311028431673e-14,8.051245164145625e-14,5.0847457627118615,True,2321,27,176
phase,8.0,0.08,10.0,200,300.0,0.5,2.2,4.5,0.22,0.11345829785947559,0.18378903849807504,0.5264369588671616,0.42212503981563465,6.135352836314228,0.6817058707015808,0.3176581696219042,0.0,5.0161411304556876e-14,9.088108032056637e-14,8.043764971220021e-14,9.088108032056637e-14,5.0847457627118615,True,2486,29,186
phase,8.0,0.08,10.0,200,300.0,0.5,2.4000000000000004,4.5,0.24000000000000005,0.1188103293469922,0.1790105908680839,0.504616261993665,0.4403786381046356,5.9262767888640235,0.6584751987626692,0.3425003277161762,0.0,6.619874826555645e-14,8.3140889051302e-14,1.1172382749913572e-13,1.1172382749913572e-13,5.0847457627118615,True,2596,31,199
phase,8.0,0.08,10.0,200,300.0,0.5,2.6,4.5,0.26,0.12256088817985178,0.1713289279718172,0.49033366109265814,0.4532061325894348,5.7374193451205215,0.6374910383467246,0.3661366536799864,0.0,6.553511803821424e-14,4.3872890282539864e-14,1.207646181794514e-13,1.207646181794514e-13,5.0847457627118615,True,2717,29,202
phase,8.0,0.08,10.0,200,300.0,0.5,2.8,4.5,0.27999999999999997,0.12527336729762917,0.16708718938463207,0.48048031269206926,0.4625001615095106,5.566577141365364,0.6185085712628182,0.38889254106060805,0.0,5.6447603685942575e-14,3.459706999298746e-14,1.1017078777869408e-13,1.1017078777869408e-13,5.0847457627118615,True,2819,30,210
phase,8.0,0.08,10.0,200,300.0,0.5,3.0,4.5,0.3,0.12736549682012516,0.16195334334961342,0.4731376191947259,0.46967777070959094,5.411099366560722,0.6012332629511913,0.4110601241120128,0.0,5.058886284179396e-14,4.7968549169312035e-14,1.0107615132980403e-13,1.0107615132980403e-13,5.0847457627118615,True,2953,33,226
phase,8.0,0.08,10.0,200,300.0,0.5,3.2,4.5,0.32,0.12899982782001662,0.15629519478431997,0.4675507262533046,0.47529008029351033,5.2689944001296025,0.5854438222366224,0.43281804092351805,0.0,4.1958340268669024e-14,5.324501495638146e-14,8.670599130042755e-14,8.670599130042755e-14,5.0847457627118615,True,3094,35,224
phase,8.0,0.08,10.0,200,300.0,0.85,0.8,4.15,0.136,0.06987326337018929,0.08869640882010477,0.8023445520375545,0.30032466078290043,6.730809928530499,0.8109409552446385,0.18749315917743858,0.0,2.1531639479266086e-15,5.5780210185538054e-15,7.014267149145722e-16,5.5780210185538054e-15,5.0847457627118615,True,1632,17,128
phase,8.0,0.08,10.0,200,300.0,0.85,1.0,4.15,0.17,0.08718534542265788,0.1048612335776744,0.6659900497582888,0.36181299631900055,6.434546834456784,0.7752466065610583,0.2231230794265457,0.0,1.0374258514589674e-14,2.333656570510936e-14,3.683761424030708e-14,3.683761424030708e-14,5.0847457627118615,True,1828,18,142
phase,8.0,0.08,10.0,200,300.0,0.85,1.2000000000000002,4.15,0.20400000000000001,0.10047401213289286,0.11610496608346343,0.5876778144923378,0.41002714323977335,6.084675111658943,0.7330933869468607,0.26528483783386736,0.0,7.701357887871041e-15,1.0213243863587512e-14,1.7091386155951306e-14,1.7091386155951306e-14,5.0847457627118615,True,2080,21,157
phase,8.0,0.08,10.0,200,300.0,0.85,1.4000000000000001,4.15,0.23800000000000004,0.1126074982409836,0.12579744455199493,0.5300732575430949,0.4545859501355743,5.689728226772768,0.6855094249123816,0.3130484463863987,0.0,2.276286853581797e-13,3.2140557343038456e-13,3.435545359281244e-13,3.435545359281244e-13,5.0847457627118615,True,2313,22,174
phase,8.0,0.08,10.0,200,300.0,0.85,1.6,4.15,0.272,0.12504837072101344,0.13307829291923368,0.48128308712435813,0.5006696928858095,5.2879996693242255,0.637108393894485,0.3622142521885564,0.0,2.0535580393953738e-12,2.6633480121995145e-12,2.6529904906574824e-12,2.6633480121995145e-12,5.0847457627118615,True,2582,18,182
phase,8.0,0.08,10.0,200,300.0,0.85,1.8,4.15,0.306,0.13077744579966633,0.1381165051323796,0.4616170375359857,0.5219994840482945,4.978783424246811,0.5998534246080495,0.40198944327866415,0.0,4.237543400101434e-13,2.456283327271105e-13,6.483219642528228e-13,6.483219642528228e-13,5.0847457627118615,True,2752,23,195
phase,8.0,0.08,10.0,200,300.0,0.85,2.0,4.15,0.34,0.1331207516976904,0.15450832624642197,0.45401419631900114,0.5307407948371284,4.741088985118594,0.5712155403757343,0.43564909965426274,0.0,2.901783308052618e-13,2.606479351584901e-13,5.127596417560626e-13,5.127596417560626e-13,5.0847457627118615,True,2923,26,206
phase,8.0,0.08,10.0,200,300.0,0.85,2.2,4.15,0.37400000000000005,0.1343939708271441,0.17032580035616918,0.4499840518067455,0.5354942124152734,4.540536060051507,0.5470525373556032,0.46726796765602646,0.0,2.5086632905751424e-13,4.730385536680104e-13,4.3902940904048245e-13,4.730385536680104e-13,5.0847457627118615,True,3028,25,210
phase,8.0,0.08,10.0,200,300.0,0.85,2.4000000000000004,4.15,0.40800000000000003,0.13515935444551402,0.1861508728493777,0.4475945552513086,0.5383529638478154,4.366849996440983,0.5261265055952992,0.4978156670867605,0.0,4.2252985972288214e-14,3.9988385221143046e-14,4.25612787788567e-14,4.25612787788567e-14,5.0847457627118615,True,3167,29,220
phase,8.0,0.08,10.0,200,300.0,0.85,2.6,4.15,0.442,0.1357158798099864,0.20084415442198078,0.44587248974551213,0.540432210920257,4.214450482215939,0.5077651183392697,0.5276536177119323,0.0,5.536403523261281e-14,4.449250725408024e-14,3.1007657356679985e-14,5.536403523261281e-14,5.0847457627118615,True,3502,33,240
phase,8.0,0.08,10.0,200,300.0,0.85,2.8,4.15,0.4759999999999999,0.13605303249474066,0.21620290108904094,0.4448354658025136,0.5416920950468089,4.079335177533102,0.49148616596784367,0.5569686518224238,0.0,8.472038827501203e-14,6.587337521783299e-14,7.476127638897075e-14,8.472038827501203e-14,5.0847457627118615,True,3997,53,306
phase,8.0,0.08,10.0,200,300.0,0.85,3.0,4.15,0.51,0.13625376108592463,0.23080243993877647,0.4442202767460296,0.5424422702781103,3.958436733999216,0.4769200884336404,0.5858725638676516,0.0,6.867496411282762e-14,5.272457467073243e-14,2.7138448939463843e-14,6.867496411282762e-14,5.0847457627118615,True,4425,68,351
phase,8.0,0.08,10.0,200,300.0,0.85,3.2,4.15,0.544,0.13744426199779836,0.24350830449145766,0.44060529593385606,0.5468927805576362,3.8493633172483457,0.4637787129214874,0.61443760603555,0.0,6.497337549893277e-15,1.5321947942601566e-14,9.204439750647175e-15,1.5321947942601566e-14,5.0847457627118615,True,4726,79,402
phase,8.0,0.08,10.0,200,300.0,1.2,0.8,3.8,0.19200000000000003,0.0865557733083,0.07635483183062175,0.6701863977975557,0.39266373594221265,5.904876603537483,0.7769574478338793,0.22145810319580578,0.0,1.3171221198507767e-15,3.588595565244022e-15,8.120015745990902e-16,3.588595565244022e-15,5.0847457627118615,True,1702,14,127
phase,8.0,0.08,10.0,200,300.0,1.2,1.0,3.8,0.24,0.10566852562105711,0.09634269332478018,0.5616223301496214,0.4685673638844354,5.442842485504278,0.7161634849347734,0.2822641889509776,0.0,5.389061058617037e-14,5.2773660293616764e-14,1.0719626676843195e-13,1.0719626676843195e-13,5.0847457627118615,True,1925,14,139
phase,8.0,0.08,10.0,200,300.0,1.2,1.2000000000000002,3.8,0.28800000000000003,0.12141068213247064,0.12167635457843162,0.49463034978421,0.5320294131802643,4.879967859825052,0.6421010341875067,0.3566002996510841,0.0,1.0332215029918704e-12,1.020712915865474e-12,1.3794296487794248e-12,1.3794296487794248e-12,5.0847457627118615,True,2305,20,161
phase,8.0,0.08,10.0,200,300.0,1.2,1.4000000000000001,3.8,0.336,0.13337045046220214,0.1478568625823573,0.45321832033728554,0.5806426680655798,4.386666747216247,0.5771929930547693,0.4230316326989485,0.0,4.3885694355138285e-12,2.7539020647701538e-12,6.068539362597392e-12,6.068539362597392e-12,5.0847457627118615,True,2675,19,185
phase,8.0,0.08,10.0,200,300.0,1.2,1.6,3.8,0.38400000000000006,0.1357055114713865,0.17500878426308653,0.4459044552556052,0.5901665516797595,4.095014202354309,0.5388176582045143,0.46623554959428976,0.0,1.9366623388175914e-12,2.112055982256657e-12,3.676601191821263e-12,3.676601191821263e-12,5.0847457627118615,True,2800,21,191
phase,8.0,0.08,10.0,200,300.0,1.2,1.8,3.8,0.43200000000000005,0.1363092249613132,0.20106272425265415,0.4440505828968544,0.5926304454327658,3.8626847213934092,0.5082479896570276,0.5054203344120295,0.0,5.271955549371449e-14,5.977972145788846e-14,2.8369259104847955e-14,5.977972145788846e-14,5.0847457627118615,True,2991,20,198
phase,8.0,0.08,10.0,200,300.0,1.2,2.0,3.8,0.48,0.138173855951369,0.2251155355988521,0.43841793871245704,0.6002443593199733,3.667901994010872,0.4826186834224831,0.5429397094878641,0.0,2.1630841128263623e-14,2.2279755746878142e-14,1.6211898060953193e-14,2.2279755746878142e-14,5.0847457627118615,True,3127,19,207
phase,8.0,0.08,10.0,200,300.0,1.2,2.2,3.8,0.528,0.14117610547291382,0.2502577610961565,0.4296346100182105,0.6125155855709294,3.5014693564032573,0.4607196521583233,0.5793888743900789,0.0,6.735985523491345e-15,6.304723532899542e-15,5.4212937909697604e-15,6.735985523491345e-15,5.0847457627118615,True,3609,37,249
phase,8.0,0.08,10.0,200,300.0,1.2,2.4000000000000004,3.8,0.5760000000000001,0.1442249934001011,0.2728872996655862,0.42105809391196486,0.6249918919546132,3.3571141433874128,0.4417255451825543,0.6150477118902293,0.0,1.859088289033127e-14,1.6694930001979913e-14,1.7916782863703345e-14,1.859088289033127e-14,5.0847457627118615,True,4129,57,323
phase,8.0,0.08,10.0,200,300.0,1.2,2.6,3.8,0.6240000000000001,0.14715627712081125,0.2944074008970621,0.41312075571254964,0.6369999354860495,3.2302719774276896,0.4250357865036434,0.6500757408809225,0.0,5.2188598034816934e-14,2.824065212627723e-14,2.446119315569226e-14,5.2188598034816934e-14,5.0847457627118615,True,4666,69,384
phase,8.0,0.08,10.0,200,300.0,1.2,2.8,3.8,0.6719999999999999,0.14990659765294234,0.31445095024271175,0.40593394345708605,0.6482776298421624,3.117563435025758,0.4102057151349682,0.6845732320289595,0.0,1.93464010102851e-14,1.7627689476550913e-14,6.108770497361988e-14,6.108770497361988e-14,5.0847457627118615,True,5271,89,428
phase,8.0,0.08,10.0,200,300.0,1.2,3.0,3.8,0.72,0.1525633543210253,0.3303559975141035,0.39921932483612255,0.6591812529237333,3.0164481633656814,0.3969010741270633,0.7186082493836768,0.0,5.9258667401971915e-15,3.997874677325933e-15,7.779929968088952e-15,7.779929968088952e-15,5.0847457627118615,True,5660,93,454
phase,8.0,0.08,10.0,200,300.0,1.2,3.2,3.8,0.7680000000000001,0.1550455126074407,0.35150579508956836,0.39313887407524534,0.6693764267292344,2.924984629326099,0.38486639859553934,0.7522302125539406,0.0,1.3271017160659385e-13,2.0908161671920385e-14,8.941768712437173e-14,1.3271017160659385e-13,5.0847457627118615,True,6143,100,486
phase,8.0,0.08,10.0,200,300.0,1.5499999999999998,0.8,3.45,0.248,0.09642964034560109,0.08235191104536965,0.6096034030530619,0.4754813884110456,5.079830099376964,0.7362072607792701,0.2621542810160604,0.0,2.255721759210779e-14,5.4155211758926824e-14,3.480926881904418e-14,5.4155211758926824e-14,5.0847457627118615,True,1751,14,129
phase,8.0,0.08,10.0,200,300.0,1.5499999999999998,1.0,3.45,0.31,0.11754205522303829,0.11220376975315527,0.5096285519016932,0.5687575222819949,4.41599239168444,0.639998897345571,0.35851933517665585,0.0,2.8927601897949655e-13,1.6705718131157476e-13,3.7630285627073127e-13,3.7630285627073127e-13,5.0847457627118615,True,2092,17,150
phase,8.0,0.08,10.0,200,300.0,1.5499999999999998,1.2000000000000002,3.45,0.37200000000000005,0.13422319966623075,0.1440281158538559,0.4505205681793009,0.6433781117589504,3.781630926969942,0.5480624531840496,0.4515989110186484,0.0,3.7362173421541496e-12,1.592475474772141e-12,5.209777449850834e-12,5.209777449850834e-12,5.0847457627118615,True,2488,19,175
phase,8.0,0.08,10.0,200,300.0,1.5499999999999998,1.4000000000000001,3.45,0.43400000000000005,0.1368095615677245,0.1774725485561235,0.44252544631994545,0.6550020453608065,3.466675862083247,0.5024167916062676,0.5020177171832378,0.0,1.1777432149571457e-12,1.6044355311603499e-12,2.0644392306994796e-12,2.0644392306994796e-12,5.0847457627118615,True,2621,18,185
phase,8.0,0.08,10.0,200,300.0,1.5499999999999998,1.6,3.45,0.496,0.1408189431964041,0.21033985928866072,0.4306615630305974,0.6730460699209756,3.219836427491999,0.4666429605060868,0.5475167719859234,0.0,8.74016722959171e-15,4.414967136287303e-15,2.1324402864135547e-15,8.74016722959171e-15,5.0847457627118615,True,2831,17,190
phase,8.0,0.08,10.0,200,300.0,1.5499999999999998,1.8,3.45,0.5579999999999999,0.14389310617649365,0.24198652705751944,0.4219755088531174,0.6869002261566365,3.016432164084926,0.43716408175143856,0.5909618082099392,0.0,2.3549906297804505e-14,1.0664248704009582e-14,8.198148445311877e-15,2.3549906297804505e-14,5.0847457627118615,True,3070,18,200
phase,8.0,0.08,10.0,200,300.0,1.5499999999999998,2.0,3.45,0.62,0.14721033940780837,0.2739231892529448,0.4129771005795563,0.7018671787297566,2.845508144162024,0.41239248466116285,0.6330347765470745,0.0,7.04464015070513e-14,1.7144766002947516e-14,8.40368094501405e-14,8.40368094501405e-14,5.0847457627118615,True,3393,25,222
phase,8.0,0.08,10.0,200,300.0,1.5499999999999998,2.2,3.45,0.682,0.1506159488544373,0.30151349847663544,0.40411970387180113,0.7172505316784029,2.699458868677355,0.39122592299671805,0.6740613443686538,0.0,8.257342184447981e-14,2.151092827429162e-14,5.143511022038599e-14,8.257342184447981e-14,5.0847457627118615,True,4150,56,318
phase,8.0,0.08,10.0,200,300.0,1.5499999999999998,2.4000000000000004,3.45,0.7440000000000001,0.15389322232801983,0.32933933494456724,0.3959389661796167,0.7320700845904519,2.572834102543201,0.37287450761495666,0.7142282716467158,0.0,1.3367075807210061e-14,6.689497009031268e-15,6.756547912324892e-15,1.3367075807210061e-14,5.0847457627118615,True,4818,65,373
phase,8.0,0.08,10.0,200,300.0,1.5499999999999998,2.6,3.45,0.8059999999999999,0.15702228378660366,0.35382345621616795,0.388424269461167,0.7462331662896945,2.46167939513557,0.35676512972979274,0.7536548738235044,0.0,6.7269474337061725e-15,9.387892908321019e-15,3.0492566534363835e-14,3.0492566534363835e-14,5.0847457627118615,True,5419,84,424
phase,8.0,0.08,10.0,200,300.0,1.5499999999999998,2.8,3.45,0.868,0.15995116575420076,0.3747293784224448,0.38163848556838353,0.7595016839878711,2.3630745458048197,0.34247457185577096,0.7924248787369017,0.0,1.6752233572536083e-13,4.4635863905797935e-14,5.221699620574957e-14,1.6752233572536083e-13,5.0847457627118615,True,5867,95,460
phase,8.0,0.08,10.0,200,300.0,1.5499999999999998,3.0,3.45,0.93,0.16273560746423388,0.3954458247843351,0.37539883318915696,0.7721256616631921,2.274819146622162,0.3296839342930669,0.8306018676072241,0.0,4.389259540918664e-15,8.984401183087951e-15,2.947611478689005e-14,2.947611478689005e-14,5.0847457627118615,True,6329,99,495
phase,8.0,0.08,10.0,200,300.0,1.5499999999999998,3.2,3.45,0.992,0.16543605987226484,0.4167482832918401,0.36953514148765215,0.7843775595925386,2.1952217068254494,0.3181480734529637,0.8682371001134744,0.0,1.1680121295317876e-14,1.7951685425154683e-14,4.8853523146217614e-14,4.8853523146217614e-14,5.0847457627118615,True,6772,113,546
phase,8.0,0.08,10.0,200,300.0,1.9,0.8,3.1,0.304,0.10112260294614261,0.08677513672356585,0.5842999840310836,0.5520805305107276,4.248056783059598,0.6851704488805802,0.3131071252593093,0.0,9.661374678021172e-14,5.457149472965894e-14,1.3705909551326124e-13,1.3705909551326124e-13,5.0847457627118615,True,1747,12,128
phase,8.0,0.08,10.0,200,300.0,1.9,1.0,3.1,0.38,0.13004119561988464,0.11856334669606006,0.4640568843813031,0.6951316875545681,3.381698944114711,0.5454353135668888,0.4533208483385886,0.0,7.660061917234722e-11,4.148892348356097e-11,9.689857097121935e-11,9.689857097121935e-11,5.0847457627118615,True,2384,17,162
phase,8.0,0.08,10.0,200,300.0,1.9,1.2000000000000002,3.1,0.45600000000000007,0.13555479576778218,0.15304705867520418,0.44636961271445064,0.7226760871996231,2.98385126259786,0.4812663326770742,0.5200804980731533,0.0,1.713883009692646e-12,2.512832164434641e-12,2.8866659956367563e-12,2.8866659956367563e-12,5.0847457627118615,True,2461,17,171
phase,8.0,0.08,10.0,200,300.0,1.9,1.4000000000000001,3.1,0.532,0.14209663906374626,0.18983145233707477,0.4270095934088086,0.7554412128920472,2.7067177766233907,0.43656738332635336,0.5731194220392275,0.0,5.816473098428121e-14,2.1338210468241975e-14,3.435623931098336e-14,5.816473098428121e-14,5.0847457627118615,True,2708,23,187
phase,8.0,0.08,10.0,200,300.0,1.9,1.6,3.1,0.608,0.14548247145020954,0.2260311858890418,0.4176170463710896,0.7724317002008796,2.4839714123394065,0.4006405503773236,0.6230176948392725,0.0,1.892317059889282e-14,5.564854930904252e-15,1.811685952437823e-14,1.892317059889282e-14,5.0847457627118615,True,2906,21,198
phase,8.0,0.08,10.0,200,300.0,1.9,1.8,3.1,0.684,0.1482099643375967,0.26022287667969435,0.4103382999116528,0.7861334056088427,2.301459484791291,0.37120314270827276,0.6708850630203879,0.0,9.135631706290552e-14,4.209314609969588e-14,3.323973062069288e-14,9.135631706290552e-14,5.0847457627118615,True,3137,22,209
phase,8.0,0.08,10.0,200,300.0,1.9,2.0,3.1,0.76,0.15146494043743186,0.29469901118711617,0.4019689911456681,0.8025013179297491,2.1493242508202557,0.3466652017452025,0.7172045801560182,0.0,5.42234919877591e-14,5.926276512400558e-15,5.906862139642554e-14,5.906862139642554e-14,5.0847457627118615,True,3605,33,254
phase,8.0,0.08,10.0,200,300.0,1.9,2.2,3.1,0.836,0.15491763352307508,0.3251286650600427,0.39344771520119226,0.8198818615488374,2.02047406486567,0.3258829136880112,0.7622539839389275,0.0,1.772608298391156e-14,1.1339448714520664e-14,1.737781020545963e-14,1.772608298391156e-14,5.0847457627118615,True,4379,60,330
phase,8.0,0.08,10.0,200,300.0,1.9,2.4000000000000004,3.1,0.9120000000000001,0.15836036197424352,0.3539627354469055,0.3852951322537365,0.8372300041124175,1.909806362882102,0.3080332843358229,0.8062154120753587,0.0,1.0224261854119955e-13,2.7891186761110753e-14,2.080870901670373e-14,1.0224261854119955e-13,5.0847457627118615,True,5139,73,392
phase,8.0,0.08,10.0,200,300.0,1.9,2.6,3.1,0.988,0.16168005111962702,0.3792162928428766,0.3777406051594434,0.8539739724966284,1.8136008965320807,0.2925162736342065,0.849221477494199,0.0,5.49383798488154e-14,2.5704868461675037e-15,5.649957198915691e-14,5.649957198915691e-14,5.0847457627118615,True,5643,96,453
phase,8.0,0.08,10.0,200,300.0,1.9,2.8,3.1,1.064,0.16498207463959857,0.401556484046911,0.3705083463542924,0.870643396661375,1.729093311024357,0.27888601790715434,0.8913764440865712,0.0,3.7626501907248025e-13,5.806247616385997e-14,1.449036638952187e-13,3.7626501907248025e-13,5.0847457627118615,True,6232,110,508
phase,8.0,0.08,10.0,200,300.0,1.9,3.0,3.1,1.14,0.16823935564412085,0.4184064423986278,0.3636348733881842,0.8871004096929174,1.6541887590931919,0.266804638563418,0.93276641546691,0.0,5.953443038455912e-14,2.0914345192675757e-14,2.947005137235321e-14,5.953443038455912e-14,5.0847457627118615,True,6753,113,545
phase,8.0,0.08,10.0,200,300.0,1.9,3.2,3.1,1.216,0.17151988630585369,0.4395781525303122,0.3569603188657386,0.9036876877136046,1.587270400104124,0.25601135485550386,0.9734645865076569,0.0,6.767290634696427e-14,1.3829579038125161e-14,9.820616662726995e-15,6.767290634696427e-14,5.0847457627118615,True,7183,111,575
phase,8.0,0.08,10.0,200,300.0,2.25,0.8,2.75,0.36,0.11007710125295889,0.08816711550850287,0.5411776544376634,0.6719352890026796,3.397765529529265,0.6177755508235027,0.38038167039336424,0.0,2.9971076097499962e-12,2.2063337972446878e-12,3.4671908892452384e-12,3.4671908892452384e-12,5.0847457627118615,True,1871,15,137
phase,8.0,0.08,10.0,200,300.0,2.25,1.0,2.75,0.45,0.13024745852848518,0.12047969245716494,0.463370842724925,0.7847631531970006,2.6121488728915754,0.4749361587075592,0.5238849405085447,0.0,4.403396145904619e-13,4.806920427005426e-13,6.226205098482839e-13,6.226205098482839e-13,5.0847457627118615,True,2285,15,158
phase,8.0,0.08,10.0,200,300.0,2.25,1.2000000000000002,2.75,0.54,0.13807870749999063,0.1557275962496607,0.4387020028211869,0.8288915056186336,2.285102335726869,0.41547315195033985,0.5880036866208611,0.0,5.6666923152457983e-14,2.3798936576200214e-14,1.1526720134483188e-14,5.6666923152457983e-14,5.0847457627118615,True,2439,18,167
phase,8.0,0.08,10.0,200,300.0,2.25,1.4000000000000001,2.75,0.6300000000000001,0.14442469313580508,0.1936501570675042,0.42050794345667164,0.8647550404094377,2.033902125386399,0.3698003864338907,0.6455171046871949,0.0,6.110046871205023e-13,1.6948375329863946e-13,5.787369093152395e-13,6.110046871205023e-13,5.0847457627118615,True,2760,21,188
phase,8.0,0.08,10.0,200,300.0,2.25,1.6,2.75,0.72,0.14744279573646935,0.23147334000798714,0.41236052061217054,0.8818408782114414,1.8357759239397886,0.3337774407163252,0.6995893504243319,0.0,1.0218990364603827e-13,3.375852538754271e-14,1.6014060901989929e-13,1.6014060901989929e-13,5.0847457627118615,True,2895,23,200
phase,8.0,0.08,10.0,200,300.0,2.25,1.8,2.75,0.81,0.14985551313011214,0.2666635808089013,0.4060652102749751,0.8955122340821073,1.6770136319558782,0.30491156944652326,0.7511532978577421,0.0,1.771601013054152e-13,2.088360289845653e-14,1.8517092315372821e-13,1.8517092315372821e-13,5.0847457627118615,True,3220,21,211
phase,8.0,0.08,10.0,200,300.0,2.25,2.0,2.75,0.9,0.1530453520437658,0.3014236414290772,0.3980242841659251,0.913603461151566,1.547475805975895,0.2813592374501627,0.8007494352221839,0.0,2.5178267411789466e-14,1.6268939796322685e-14,6.651376762549501e-14,6.651376762549501e-14,5.0847457627118615,True,3822,38,257
phase,8.0,0.08,10.0,200,300.0,2.25,2.2,2.75,0.99,0.15668612591375086,0.33171479649080626,0.3892182002113692,0.9342737915104867,1.4399129790105352,0.26180235982009725,0.8487387537912638,0.0,3.22324866399921e-13,5.442743677394023e-14,1.1220044541558935e-13,3.22324866399921e-13,5.0847457627118615,True,4582,56,346
phase,8.0,0.08,10.0,200,300.0,2.25,2.4000000000000004,2.75,1.08,0.1605590060919071,0.3601584001516833,0.3802591417167822,0.9562856582346171,1.3491702082598471,0.2453036742290631,0.8953815885831441,0.0,6.762154926102828e-14,2.987959094906328e-14,1.6917284104743125e-13,1.6917284104743125e-13,5.0847457627118615,True,5309,76,417
phase,8.0,0.08,10.0,200,300.0,2.25,2.6,2.75,1.17,0.16456231939425858,0.3855701880862483,0.37141264591740303,0.9790629576926987,1.271540911163815,0.23118925657523906,0.940875917531038,0.0,8.677242318325501e-13,5.457399816430902e-14,9.185549129987786e-13,9.185549129987786e-13,5.0847457627118615,True,5853,92,462
phase,8.0,0.08,10.0,200,300.0,2.25,2.8,2.75,1.26,0.16878222829337153,0.420619941201017,0.3625135187848738,1.0030973875271012,1.2043142775152471,0.21896623227549944,0.9853776913726985,0.0,2.5860806898583335e-13,1.304087082205965e-13,7.608027174791163e-13,7.608027174791163e-13,5.0847457627118615,True,6272,99,498
phase,8.0,0.08,10.0,200,300.0,2.25,3.0,2.75,1.35,0.17241315150715253,0.5597407478972471,0.35518428106847966,1.0237963305765054,1.1454713746822645,0.20826752266950263,1.0290126649146136,0.0,1.4947662316796655e-13,1.1712554660481285e-13,6.173744575836463e-13,6.173744575836463e-13,5.0847457627118615,True,6861,102,536
phase,8.0,0.08,10.0,200,300.0,2.25,3.2,2.75,1.44,0.17262066908512175,0.7545416297591923,0.35477416044876753,1.0249798440122753,1.0934818804781834,0.1988148873596697,1.0718839331878005,0.0,1.9439763488020784e-12,1.6620934226646215e-13,8.242760185546666e-13,1.9439763488020784e-12,5.0847457627118615,True,7162,101,567
phase,8.0,0.08,10.0,200,300.0,2.5999999999999996,0.8,2.4000000000000004,0.4159999999999999,0.11686470483979722,0.08898124615081549,0.5123448332851179,0.8132543544843229,2.5058662786916504,0.5220554747274271,0.4758801969334557,0.0,3.1146514722658124e-10,1.1037540868252322e-10,3.859034582732325e-10,3.859034582732325e-10,5.0847457627118615,True,2084,11,139
phase,8.0,0.08,10.0,200,300.0,2.5999999999999996,1.0,2.4000000000000004,0.52,0.12565840264204153,0.12175182452861533,0.4791125050842879,0.8696635179525621,1.9440455074435108,0.40500948071739806,0.5938344692737983,0.0,9.508908568353744e-13,1.5239817282337838e-12,1.195223016811018e-12,1.5239817282337838e-12,5.0847457627118615,True,2231,17,153
phase,8.0,0.08,10.0,200,300.0,2.5999999999999996,1.2000000000000002,2.4000000000000004,0.6240000000000001,0.13875672750207846,0.15779092030174247,0.4366855461947816,0.9541572197601756,1.6543463482783793,0.3446554892246623,0.6615028952860041,0.0,1.864303383882774e-13,6.451382758603344e-14,7.973573885118988e-14,1.864303383882774e-13,5.0847457627118615,True,2401,19,169
phase,8.0,0.08,10.0,200,300.0,2.5999999999999996,1.4000000000000001,2.4000000000000004,0.7280000000000001,0.1450662037468553,0.19612760249780314,0.41875007531226305,0.9950246966665192,1.4387388773556493,0.29973726611576024,0.722280836319238,0.0,3.9843720094230523e-14,1.6686574673435034e-14,3.630333515645974e-14,3.9843720094230523e-14,5.0847457627118615,True,2703,19,188
phase,8.0,0.08,10.0,200,300.0,2.5999999999999996,1.6,2.4000000000000004,0.8319999999999999,0.14796452011671846,0.23504602690425647,0.4109831752160828,1.0138290124591978,1.27559687458963,0.2657493488728396,0.7788096953942863,0.0,5.244252603662931e-14,3.220321511744269e-14,1.1727580245243782e-13,1.1727580245243782e-13,5.0847457627118615,True,3066,22,206
phase,8.0,0.08,10.0,200,300.0,2.5999999999999996,1.8,2.4000000000000004,0.936,0.15022585928377907,0.2710522329475773,0.40511543822905616,1.028513424440466,1.1492945271286252,0.2394363598184636,0.8323483018620043,0.0,1.3487963436123176e-13,6.59711325027726e-14,2.059470997589479e-13,2.059470997589479e-13,5.0847457627118615,True,3463,22,224
phase,8.0,0.08,10.0,200,300.0,2.5999999999999996,2.0,2.4000000000000004,1.04,0.15348458879109683,0.3089242340419851,0.3969413237811831,1.0496933468593894,1.0490179378911428,0.21854540372732142,0.8836719379006398,0.0,9.245641083604463e-14,1.9272431301320907e-14,8.615865150535548e-14,9.245641083604463e-14,5.0847457627118615,True,3832,30,262
phase,8.0,0.08,10.0,200,300.0,2.5999999999999996,2.2,2.4000000000000004,1.144,0.15730237287779336,0.37919543460230853,0.38776517223550744,1.0745334973343248,0.9675225813104653,0.20156720443968026,0.9332838051972937,0.0,9.437302616730747e-13,9.641850985378813e-14,3.8415978337927187e-13,9.437302616730747e-13,5.0847457627118615,True,4703,56,351
phase,8.0,0.08,10.0,200,300.0,2.5999999999999996,2.4000000000000004,2.4000000000000004,1.2480000000000002,0.15915041521546158,0.5885613118671917,0.3834705866708546,1.0865674738811333,0.8999272944394223,0.18748485300821296,0.9815264589227727,0.0,2.2247415899557366e-12,1.4778725907257143e-13,1.1946656696659714e-12,2.2247415899557366e-12,5.0847457627118615,True,5354,67,399
phase,8.0,0.08,10.0,200,300.0,2.5999999999999996,2.6,2.4000000000000004,1.3519999999999999,0.15532218175216328,0.6044982426452628,0.39247230627583035,1.0616460320994787,0.8428753976684243,0.17559904118092173,1.0286436735160536,0.0,1.0464060240466882e-12,9.295847709336288e-14,3.815246767602449e-13,1.0464060240466882e-12,5.0847457627118615,True,5891,91,460
phase,8.0,0.08,10.0,200,300.0,2.5999999999999996,2.8,2.4000000000000004,1.4560000000000002,0.14811947462406494,0.44479576195686765,0.41057582133414705,1.0148348855827107,0.7940014374988712,0.16541696614559817,1.0748155937134365,0.0,8.15745230767291e-13,4.1544094823158274e-14,4.490301138308688e-13,8.15745230767291e-13,5.0847457627118615,True,6416,82,474
phase,8.0,0.08,10.0,200,300.0,2.5999999999999996,3.0,2.4000000000000004,1.56,0.13990314498471101,0.28974502241584377,0.43331668162889525,0.9615754120066667,0.751597525462681,0.1565828178047252,1.12017954040202,-3.319796961924972e-27,7.1897000634415965e-12,2.1662666667267458e-13,5.135806176970784e-12,7.1897000634415965e-12,5.0847457627118615,True,6762,83,506
phase,8.0,0.08,10.0,200,300.0,2.5999999999999996,3.2,2.4000000000000004,1.6639999999999997,0.1313383160587664,0.22760479229875785,0.4597749660425546,0.906240438127947,0.714402375257064,0.14883382817855498,1.1648428970259845,0.0,3.0029633739986893e-12,3.766642044975228e-13,4.5435233075121767e-13,3.0029633739986893e-12,5.0847457627118615,True,7063,97,546
phase,8.0,0.08,10.0,200,300.0,2.9499999999999997,0.8,2.0500000000000003,0.472,0.11361616025140381,0.09063709573918777,0.5257675066418068,0.9277957878464151,1.7158255974720973,0.41849404816392616,0.578818551584644,0.0,9.640558117186232e-12,5.035930833008191e-12,1.2693460352772308e-11,1.2693460352772308e-11,5.0847457627118615,True,2105,10,140
phase,8.0,0.08,10.0,200,300.0,2.9499999999999997,1.0,2.0500000000000003,0.59,0.12531390928404162,0.12473102756166421,0.4803359358228648,1.015549413793329,1.3429481212747534,0.3275483222621349,0.6714761441960351,0.0,9.583956850625053e-14,8.322117694527009e-14,6.370545547038462e-14,9.583956850625053e-14,5.0847457627118615,True,2172,18,152
phase,8.0,0.08,10.0,200,300.0,2.9499999999999997,1.2000000000000002,2.0500000000000003,0.7080000000000001,0.13837254546402444,0.16276245805640355,0.4378259038049212,1.114152620503989,1.1081406899003825,0.2702782170488738,0.7399480978672298,0.0,5.086670238772678e-14,1.944529714352684e-14,4.064027454724536e-14,5.086670238772678e-14,5.0847457627118615,True,2491,19,173
phase,8.0,0.08,10.0,200,300.0,2.9499999999999997,1.4000000000000001,2.0500000000000003,0.8260000000000001,0.1446208349218897,0.2038823755802277,0.41996895405233825,1.1615260445846864,0.9438357626818045,0.23020384455653767,0.8009299319585279,0.0,3.1782322909400897e-13,5.4741417777512105e-14,1.0810884414722174e-13,3.1782322909400897e-13,5.0847457627118615,True,2857,17,187
phase,8.0,0.08,10.0,200,300.0,2.9499999999999997,1.6,2.0500000000000003,0.944,0.14735466225946625,0.25576093680471645,0.41259407963262634,1.182287633606187,0.8248465061492468,0.201182074670548,0.8576372614464096,0.0,1.3538531665924265e-13,5.4233587527957995e-14,2.686351497563581e-13,2.686351497563581e-13,5.0847457627118615,True,3421,18,215
phase,8.0,0.08,10.0,200,300.0,2.9499999999999997,1.8,2.0500000000000003,1.0620000000000003,0.14885182816982478,0.409436449605477,0.40866115869494235,1.1936658712723842,0.7353030821663609,0.17934221516252705,0.9116132477297239,0.0,4.727464140885907e-13,1.1261611167899201e-13,8.162616015614451e-13,8.162616015614451e-13,5.0847457627118615,True,3675,25,242
phase,8.0,0.08,10.0,200,300.0,2.9499999999999997,2.0,2.0500000000000003,1.18,0.1476612409603617,0.48653284009782527,0.41178273586857106,1.184617118587685,0.6655210353958498,0.16232220375508533,0.9636947915092555,0.0,9.926007534322497e-13,1.1953161639664942e-13,2.1222648589943133e-13,9.926007534322497e-13,5.0847457627118615,True,4132,27,264
phase,8.0,0.08,10.0,200,300.0,2.9499999999999997,2.2,2.0500000000000003,1.2979999999999998,0.1416133296701494,0.3521357842319328,0.4283839125590022,1.1387096101130876,0.6095178375158561,0.1486628871989893,1.0143704828852844,0.0,1.3540589792659158e-12,1.0568993798020574e-13,4.770860015788419e-13,1.3540589792659158e-12,5.0847457627118615,True,4647,46,334
phase,8.0,0.08,10.0,200,300.0,2.9499999999999997,2.4000000000000004,2.0500000000000003,1.4160000000000001,0.13219157229410333,0.22075387869492924,0.4569997273192017,1.0674073722325488,0.5634734146552377,0.13743254015981407,1.063947338321338,0.0,3.01278748089048e-12,1.6939394808429242e-13,2.9964260466290816e-12,3.01278748089048e-12,5.0847457627118615,True,5116,58,371
phase,8.0,0.08,10.0,200,300.0,2.9499999999999997,2.6,2.0500000000000003,1.5339999999999998,0.12152164501586821,0.18054142647289662,0.4942126831046653,0.9870343168539691,0.5248565414611556,0.12801379060028184,1.1126313764153297,-3.692358345884133e-23,7.367975931461395e-12,2.10574511711397e-13,4.870334388324441e-12,7.367975931461395e-12,5.0847457627118615,True,5857,62,412
phase,8.0,0.08,10.0,200,300.0,2.9499999999999997,2.8,2.0500000000000003,1.6520000000000001,0.11082346598931758,0.16376499973920766,0.5378563545754285,0.9069426695420238,0.49193034354449056,0.11998301062060744,1.1605686178545271,0.0,4.279607553596325e-11,2.594899188779516e-12,4.6325325836308795e-11,4.6325325836308795e-11,5.0847457627118615,True,6257,64,444
phase,8.0,0.08,10.0,200,300.0,2.9499999999999997,3.0,2.0500000000000003,1.77,0.10793423982086242,0.167242788733854,0.550934628777916,0.8854133549942756,0.4634652081698232,0.11304029467556662,1.2078672291838508,0.0,6.479331991841028e-08,4.888941484810851e-09,1.4638215904153832e-08,6.479331991841028e-08,5.0847457627118615,True,6752,66,472
phase,8.0,0.08,10.0,200,300.0,2.9499999999999997,3.2,2.0500000000000003,1.888,0.10706514666657216,0.16672663754127848,0.55498809800179,0.878946557241678,0.43856638359416356,0.1069674106327228,1.2546103223543286,0.0,2.998676921809243e-07,1.392175745971983e-08,1.2099164213975498e-07,2.998676921809243e-07,5.0847457627118615,True,7202,71,497
phase,8.0,0.08,10.0,200,300.0,3.3,0.8,1.7000000000000002,0.528,0.10161466103023653,0.09500954455276545,0.58176183508407,1.0111273353513153,1.1113843836497528,0.32687775989698614,0.6690943073677458,0.0,1.0944664620975269e-11,9.23570217399132e-12,1.504225335886129e-11,1.504225335886129e-11,5.0847457627118615,True,1879,9,135
phase,8.0,0.08,10.0,200,300.0,3.3,1.0,1.7000000000000002,0.66,0.12384396777919637,0.13356266888109314,0.48562467609937626,1.2112961368488468,0.8411267816729198,0.2473902299037999,0.7526135982616409,0.0,4.9643564527498955e-14,1.6217304505612293e-14,5.4061997495256676e-14,5.4061997495256676e-14,5.0847457627118615,True,2110,15,149
phase,8.0,0.08,10.0,200,300.0,3.3,1.2000000000000002,1.7000000000000002,0.7920000000000001,0.13650311934609582,0.1843180841521408,0.4434583420416749,1.3264724966259995,0.6779712722860254,0.19940331537824274,0.8175438426713344,0.0,4.781308994080682e-13,6.625886903835046e-14,4.3996670490441545e-13,4.781308994080682e-13,5.0847457627118615,True,2641,18,178
phase,8.0,0.08,10.0,200,300.0,3.3,1.4000000000000001,1.7000000000000002,0.924,0.14179530441305266,0.30838892409273955,0.42786544891179196,1.3748137308439612,0.5691339364205833,0.16739233424134803,0.8766203150571483,0.0,2.6696270612714773e-13,8.872135843391981e-14,3.183779917955234e-13,3.183779917955234e-13,5.0847457627118615,True,3145,16,198
phase,8.0,0.08,10.0,200,300.0,3.3,1.6,1.7000000000000002,1.056,0.14089396420267353,0.3653878478521888,0.4304454588442391,1.3665733533281523,0.4921226169916927,0.14474194617402725,0.932743311686283,0.0,8.623585141514104e-13,5.283822701072102e-14,4.1046067997340277e-13,8.623585141514104e-13,5.0847457627118615,True,3543,21,225
phase,8.0,0.08,10.0,200,300.0,3.3,1.8,1.7000000000000002,1.1880000000000002,0.13314339242295942,0.24303032230139077,0.45394192099053043,1.295838227132845,0.4348076254901731,0.12788459573240385,0.9871024337644518,-2.7418923318426005e-22,8.335789487085421e-13,7.425566312497417e-14,2.0242789593676877e-13,8.335789487085421e-13,5.0847457627118615,True,3900,25,258
phase,8.0,0.08,10.0,200,300.0,3.3,2.0,1.7000000000000002,1.32,0.12075340047760702,0.16659418465190812,0.49711836728147385,1.1832902037686766,0.3903865957267055,0.11481958697844279,1.040266330725089,0.0,3.655749707530006e-13,8.383673814202588e-14,3.215779274510739e-13,3.655749707530006e-13,5.0847457627118615,True,4289,25,276
phase,8.0,0.08,10.0,200,300.0,3.3,2.2,1.7000000000000002,1.452,0.10685739934201494,0.15638568059789804,0.5559654675716882,1.0580428613433581,0.35483816488004405,0.10436416614118943,1.0925410150654167,0.0,4.614349934735116e-12,2.6047635716562455e-13,1.5845534950916433e-12,4.614349934735116e-12,5.0847457627118615,True,4595,26,292
phase,8.0,0.08,10.0,200,300.0,3.3,2.4000000000000004,1.7000000000000002,1.5840000000000003,0.09337152729976178,0.15990109815900433,0.6272337973690741,0.937824614338376,0.3256558785576249,0.09578114075224262,1.1441095171239775,-6.1060639052722475e-25,1.0913790104278107e-11,7.552292342287222e-13,1.26216044541621e-11,1.26216044541621e-11,5.0847457627118615,True,4961,32,337
phase,8.0,0.08,10.0,200,300.0,3.3,2.6,1.7000000000000002,1.7160000000000002,0.08513343309481086,0.15728906121852404,0.6798507625357719,0.8652417950133513,0.30120204139463785,0.08858883570430524,1.1950915210876385,0.0,1.3118979356712428e-07,3.2061529045485316e-09,1.038612499350746e-07,1.3118979356712428e-07,5.0847457627118615,True,5429,38,368
phase,8.0,0.08,10.0,200,300.0,3.3,2.8,1.7000000000000002,1.848,0.08025031577868796,0.14880193698432742,0.715092798549112,0.8225999413099214,0.2803622500040435,0.08245948529530692,1.2455711122489908,0.0,5.158478741037676e-09,9.6462473383489e-10,5.100264082777554e-09,5.158478741037676e-09,5.0847457627118615,True,5874,42,394
phase,8.0,0.08,10.0,200,300.0,3.3,3.0,1.7000000000000002,1.98,0.073742591955476,0.1360982522128587,0.7676346688041277,0.7662958931154569,0.2623517890534065,0.07716229089806073,1.295610651662343,-6.886020587394871e-30,3.653124355555517e-07,6.491543251724938e-09,2.6577293831212856e-07,3.653124355555517e-07,5.0847457627118615,True,6019,45,412
phase,8.0,0.08,10.0,200,300.0,3.3,3.2,1.7000000000000002,2.112,0.06588318714900787,0.12120918529852226,0.841234925115416,0.6992521072956429,0.24660133368572812,0.07252980402521414,1.345258443534496,0.0,3.7758384487019717e-07,6.243920445391412e-09,2.7295605069678063e-07,3.7758384487019717e-07,5.0847457627118615,True,6623,55,443
phase,8.0,0.08,10.0,200,300.0,3.65,0.8,1.35,0.584,0.09860795676035039,0.10749043827157356,0.5976056751079768,1.2395142342095429,0.6349143583151173,0.235153466042636,0.758512772903081,0.0,2.7995068593620906e-12,1.98450885506915e-12,3.927986863131032e-12,3.927986863131032e-12,5.0847457627118615,True,1834,11,133
phase,8.0,0.08,10.0,200,300.0,3.65,1.0,1.35,0.73,0.1192772864808922,0.17653997782539066,0.5027946027592517,1.4732472001005597,0.47016668285410035,0.1741358084644816,0.8288232636123936,0.0,3.6651892644150956e-13,1.143500430935883e-13,4.3531929884318964e-13,4.3531929884318964e-13,5.0847457627118615,True,2093,9,146
phase,8.0,0.08,10.0,200,300.0,3.65,1.2000000000000002,1.35,0.8760000000000001,0.12829582119323613,0.27300318711284133,0.4699416395151951,1.5762398528994144,0.37311736259489453,0.13819161577588687,0.8893534947934089,0.0,7.530455671736614e-13,7.314404951189812e-14,6.670889637899498e-13,7.530455671736614e-13,5.0847457627118615,True,2668,15,177
phase,8.0,0.08,10.0,200,300.0,3.65,1.4000000000000001,1.35,1.0220000000000002,0.12479761594136302,0.2249092813474185,0.4821808183605461,1.536230211851478,0.3092089374064388,0.11452182866905139,0.9472864153087319,0.0,1.5644294953554398e-12,9.086098280395371e-14,1.3222423501344174e-12,1.5644294953554398e-12,5.0847457627118615,True,3103,17,202
phase,8.0,0.08,10.0,200,300.0,3.65,1.6,1.35,1.168,0.11170301419990564,0.14558906654531523,0.5339920774677466,1.3871755256246883,0.26402163609657064,0.097785791146878,1.0040833732951815,-1.6607874097907224e-22,5.806378259361741e-13,2.8636691734251357e-13,2.0195887543820805e-12,2.0195887543820805e-12,5.0847457627118615,True,3627,19,232
phase,8.0,0.08,10.0,200,300.0,3.65,1.8,1.35,1.3140000000000003,0.09499936569396628,0.13676771925441034,0.617731288269592,1.199131005353034,0.2302996542580131,0.08529616824370854,1.0602278568919437,-1.527676848859776e-23,2.8723984144729926e-12,6.883319805549649e-14,1.6929512220072746e-12,2.8723984144729926e-12,5.0847457627118615,True,3913,22,248
phase,8.0,0.08,10.0,200,300.0,3.65,2.0,1.35,1.46,0.07842172449337048,0.13573190775952454,0.7291736800341432,1.0158632449625113,0.20407705311079752,0.07558409374473982,1.115904492412777,-2.32765003938234e-29,4.700405830263026e-13,1.0806132127280212e-13,6.05056996489696e-13,6.05056996489696e-13,5.0847457627118615,True,4228,19,265
phase,8.0,0.08,10.0,200,300.0,3.65,2.2,1.35,1.6059999999999997,0.06370190666012299,0.12574034163158748,0.8639579242797498,0.8573805736642431,0.1830257556588717,0.06778731691069322,1.171189912038271,-1.2190788105752909e-29,5.931919600090796e-12,2.9701775525002956e-13,6.35806042770622e-12,6.35806042770622e-12,5.0847457627118615,True,4497,22,278
phase,8.0,0.08,10.0,200,300.0,3.65,2.4000000000000004,1.35,1.7520000000000002,0.051389148269416624,0.10890451217332175,1.0155267426503938,0.7294152971368365,0.16569457258328826,0.06136836021603269,1.2261177825134073,0.0,9.92064339664128e-12,3.747056063886371e-13,9.881311799582158e-12,9.92064339664128e-12,5.0847457627118615,True,4657,21,292
phase,8.0,0.08,10.0,200,300.0,3.65,2.6,1.35,1.8980000000000001,0.04140605045946613,0.08890094233046653,1.1756414901959957,0.6300736635428279,0.15113282097970893,0.055975118881373666,1.2807036443127102,0.0,6.499319909468499e-12,4.0516976403696e-13,8.45477540768215e-12,8.45477540768215e-12,5.0847457627118615,True,4683,23,293
phase,8.0,0.08,10.0,200,300.0,3.65,2.8,1.35,2.0440000000000005,0.033960020628912846,0.0781250399827918,1.3241186721383282,0.5594217167442503,0.13869154797480118,0.051367239990667106,1.3349552690136282,-5.0597672559821244e-30,9.832973081682085e-13,2.457960877516552e-13,2.204857495141472e-12,2.204857495141472e-12,5.0847457627118615,True,4652,23,296
phase,8.0,0.08,10.0,200,300.0,3.65,3.0,1.35,2.19,0.03393070835635725,0.08151816961178004,1.3247610628192876,0.5591504472242977,0.12791231433037342,0.04737493123347164,1.3888772687605015,-2.454255657512295e-25,2.0553466021069395e-11,3.380122601407996e-13,1.16046277609397e-11,2.0553466021069395e-11,5.0847457627118615,True,4611,33,312
phase,8.0,0.08,10.0,200,300.0,3.65,3.2,1.35,2.336,0.038406130301495214,0.09007030123673182,1.232085768864307,0.6012087465497871,0.11846178314476806,0.04387473449806224,1.4424732261947713,-9.647019892888119e-26,3.105776248753396e-12,3.289556053805804e-13,2.251060407166314e-12,3.105776248753396e-12,5.0847457627118615,True,4521,36,323
phase,8.0,0.08,10.0,200,300.0,4.0,0.8,1.0,0.6399999999999999,0.09006329054534856,0.15013156229774505,0.6474170670420609,1.5445993794523072,0.31062716207805485,0.15531358103902743,0.8352900211790946,0.0,3.6035919359750244e-13,1.741099715715274e-13,6.491905237143361e-13,6.491905237143361e-13,5.0847457627118615,True,1684,7,121
phase,8.0,0.08,10.0,200,300.0,4.0,1.0,1.0,0.8,0.10286930252897786,0.20488664109126198,0.5753838405195416,1.737970254946771,0.22607454343817412,0.11303727171908706,0.8960199208966693,0.0,3.1688995941209035e-13,4.346214625976707e-14,8.191770645178716e-14,3.1688995941209035e-13,5.0847457627118615,True,1994,9,146
phase,8.0,0.08,10.0,200,300.0,4.0,1.2000000000000002,1.0,0.96,0.0984718833940057,0.14790712589987098,0.5983420439757331,1.6712848613402085,0.17534791769180036,0.08767395884590017,0.9554515716423001,0.0,9.351020121597968e-14,8.283819574461229e-14,4.719075496416031e-13,4.719075496416031e-13,5.0847457627118615,True,2521,11,173
phase,8.0,0.08,10.0,200,300.0,4.0,1.4000000000000001,1.0,1.12,0.08302509669529862,0.11408935208196136,0.6946626947808634,1.439547578289716,0.1414248163036,0.0707124081518,1.0150990260496666,-1.09670477440327e-19,1.406576053000864e-12,1.393227441944954e-13,1.8914944292045613e-12,1.8914944292045613e-12,5.0847457627118615,True,2802,18,191
phase,8.0,0.08,10.0,200,300.0,4.0,1.6,1.0,1.2799999999999998,0.06496745652225272,0.09303729754717438,0.8506424236061301,1.1755820921330236,0.1170377830832635,0.05851889154163174,1.0747721037205422,-7.378027267572327e-22,2.1452694188523745e-13,1.2002923712614073e-13,1.1218889171977069e-12,1.1218889171977069e-12,5.0847457627118615,True,3047,16,203
phase,8.0,0.08,10.0,200,300.0,4.0,1.8,1.0,1.4400000000000004,0.04884316600239261,0.0727910757489944,1.0527146822422755,0.9499250051970458,0.09854552832065851,0.049272764160329253,1.1341829473275695,-1.0725225464204326e-19,4.055717172335629e-12,9.375018864844019e-14,3.4044510549465646e-12,4.055717172335629e-12,5.0847457627118615,True,3190,14,208
phase,8.0,0.08,10.0,200,300.0,4.0,2.0,1.0,1.6,0.03611531768285964,0.0637903747952008,1.2781910591904824,0.7823556523962315,0.08394521213627255,0.04197260606813628,1.193114790793903,-1.2091384513496102e-23,7.17239239835194e-13,3.440120433129415e-14,1.7717111788916785e-13,7.17239239835194e-13,5.0847457627118615,True,3255,18,212
phase,8.0,0.08,10.0,200,300.0,4.0,2.2,1.0,1.7599999999999998,0.026714132067503504,0.06965990114779289,1.4987443364542739,0.6672252069127399,0.0720517019859319,0.03602585099296595,1.2514296176542892,-5.263461811461454e-25,1.6979548505010705e-12,1.5304492012936372e-13,3.0953462214616755e-12,3.0953462214616755e-12,5.0847457627118615,True,3297,20,214
phase,8.0,0.08,10.0,200,300.0,4.0,2.4000000000000004,1.0,1.92,0.021007005244526485,0.06553851123375747,1.6613347625062513,0.6019256459134239,0.062121084186146064,0.03106054209307303,1.3090493304163797,-6.733242088615882e-22,6.1175539214596425e-12,8.213035988031607e-14,3.809330445087822e-12,6.1175539214596425e-12,5.0847457627118615,True,3243,21,218
phase,8.0,0.08,10.0,200,300.0,4.0,2.6,1.0,2.08,0.015291225574580875,0.0483287979118438,1.8497367052298985,0.5406174820300778,0.05366322828493797,0.026831614142468985,1.3659367759047194,-6.720144187545728e-27,3.5151571196721685e-12,4.571572179267053e-14,3.0357726311542767e-12,3.5151571196721685e-12,5.0847457627118615,True,3264,20,216
phase,8.0,0.08,10.0,200,300.0,4.0,2.8,1.0,2.24,0.014952793277292521,0.04789043694214193,1.8617597051441905,0.537126245259751,0.0463419435639627,0.023170971781981346,1.42208142185325,-9.198315817953415e-23,3.7311962305405035e-13,2.3139357804575685e-13,3.87916697424935e-12,3.87916697424935e-12,5.0847457627118615,True,3199,20,215
phase,8.0,0.08,10.0,200,300.0,4.0,3.0,1.0,2.4,0.011994404223861187,0.04008774289933417,1.9712065344987442,0.5073035131015781,0.03991868856608351,0.019959344283041754,1.4774894767904312,-1.4562221258254618e-22,4.790937669052917e-12,9.026377063755571e-14,5.154293475335959e-12,5.154293475335959e-12,5.0847457627118615,True,3267,20,214
phase,8.0,0.08,10.0,200,300.0,4.0,3.2,1.0,2.5599999999999996,0.010627273405762576,0.0355782092175105,2.0244820508190884,0.4939535026232554,0.03421926800951177,0.017109634004755885,1.5321773268923604,-1.1940012267648682e-22,9.059006168984618e-13,1.9594604385774964e-13,4.616817930660209e-12,4.616817930660209e-12,5.0847457627118615,True,3287,20,213
